Workbook

Sheet Resumo
A2: Resumo da Rede de Mídia
A3: Indicadores calculados a partir dos pontos cadastrados com status Ativo.
B6: Pontos ativos | C6: Pontos ativos | E6: Faturamento mensal (1 cota/ponto) | F6: Faturamento mensal (1 cota/ponto) | H6: Repasse mensal aos pontos | I6: Repasse mensal aos pontos | K6: Receita mensal Mídia Mais | L6: Receita mensal Mídia Mais
B7: =COUNTIF('Cadastro de Pontos'!$R$6:$R$305,"Ativo") -> 1 | E7: =SUMPRODUCT(('Cadastro de Pontos'!$R$6:$R$305="Ativo")*'Cadastro de Pontos'!$O$6:$O$305) -> #VALUE! | H7: =SUMPRODUCT(('Cadastro de Pontos'!$R$6:$R$305="Ativo")*'Cadastro de Pontos'!$P$6:$P$305) -> #VALUE! | K7: =SUMPRODUCT(('Cadastro de Pontos'!$R$6:$R$305="Ativo")*'Cadastro de Pontos'!$Q$6:$Q$305) -> #VALUE!
A10: Distribuição por categoria
A11: TIER | B11: PONTOS ATIVOS | C11: COTAS MENSAIS | D11: RECEITA MÍDIA MAIS
A12: Tier Bronze | B12: =COUNTIFS('Cadastro de Pontos'!$N$6:$N$305,A12,'Cadastro de Pontos'!$R$6:$R$305,"Ativo") -> 0 | C12: =SUMIFS('Cadastro de Pontos'!$O$6:$O$305,'Cadastro de Pontos'!$N$6:$N$305,A12,'Cadastro de Pontos'!$R$6:$R$305,"Ativo") -> 0 | D12: =SUMIFS('Cadastro de Pontos'!$Q$6:$Q$305,'Cadastro de Pontos'!$N$6:$N$305,A12,'Cadastro de Pontos'!$R$6:$R$305,"Ativo") -> 0
A13: Tier Prata | B13: =COUNTIFS('Cadastro de Pontos'!$N$6:$N$305,A13,'Cadastro de Pontos'!$R$6:$R$305,"Ativo") -> 0 | C13: =SUMIFS('Cadastro de Pontos'!$O$6:$O$305,'Cadastro de Pontos'!$N$6:$N$305,A13,'Cadastro de Pontos'!$R$6:$R$305,"Ativo") -> 0 | D13: =SUMIFS('Cadastro de Pontos'!$Q$6:$Q$305,'Cadastro de Pontos'!$N$6:$N$305,A13,'Cadastro de Pontos'!$R$6:$R$305,"Ativo") -> 0
A14: Tier Ouro | B14: =COUNTIFS('Cadastro de Pontos'!$N$6:$N$305,A14,'Cadastro de Pontos'!$R$6:$R$305,"Ativo") -> 1 | C14: =SUMIFS('Cadastro de Pontos'!$O$6:$O$305,'Cadastro de Pontos'!$N$6:$N$305,A14,'Cadastro de Pontos'!$R$6:$R$305,"Ativo") -> 249 | D14: =SUMIFS('Cadastro de Pontos'!$Q$6:$Q$305,'Cadastro de Pontos'!$N$6:$N$305,A14,'Cadastro de Pontos'!$R$6:$R$305,"Ativo") -> 124.5
A16: Leitura rápida: o Tier é definido pelo score ponderado de fluxo, tempo de espera, perfil do público e exclusividade da tela.

Sheet Calculadora
A2: Calculadora de Precificação por Ponto
A3: Preencha os campos em azul. A categoria, o valor da cota e a divisão de receita serão calculados automaticamente.
A5: Informações do estabelecimento | E5: Resultado da precificação
A6: Estabelecimento | E6: Score ponderado | F6: =IF(COUNTA(B13:B16)<4,"",C13*Parâmetros!$B$7+C14*Parâmetros!$B$8+C15*Parâmetros!$B$9+C16*Parâmetros!$B$10)
A7: Cidade | E7: Categoria | F7: =IF(F6="","",IFERROR(VLOOKUP(F6,Parâmetros!$M$15:$O$17,2,TRUE),""))
A8: Segmento | E8: Cota mensal por anunciante | F8: =IF(F7="","",VLOOKUP(F7,Parâmetros!$N$15:$O$17,2,FALSE))
A9: Quantidade de telas | B9: 1 | E9: Repasse por cota ao ponto | F9: =IF(F8="","",F8*VLOOKUP(F7,Parâmetros!$N$15:$P$17,3,FALSE))
E10: Receita por cota Mídia Mais | F10: =IF(F8="","",F8*VLOOKUP(F7,Parâmetros!$N$15:$Q$17,4,FALSE))
A11: Avaliação dos critérios | E11: Capacidade de cotas | F11: 8
A12: CRITÉRIO | B12: SELEÇÃO | C12: NOTA | E12: Receita mensal potencial | F12: =IF(F8="","",F8*F11*B9)
A13: Volume de fluxo diário | C13: =IFERROR(VLOOKUP(B13,Parâmetros!$A$15:$B$18,2,FALSE),"")
A14: Tempo médio de espera | C14: =IFERROR(VLOOKUP(B14,Parâmetros!$D$15:$E$18,2,FALSE),"")
A15: Poder aquisitivo / perfil | C15: =IFERROR(VLOOKUP(B15,Parâmetros!$G$15:$H$18,2,FALSE),"")
A16: Exclusividade / ruído visual | C16: =IFERROR(VLOOKUP(B16,Parâmetros!$J$15:$K$18,2,FALSE),"")

Sheet Cadastro de Pontos
A2: Cadastro de Pontos de Mídia
A3: Preencha ou importe os dados nas colunas azuis. As colunas verdes são calculadas automaticamente. O resumo considera somente pontos com status Ativo.
A5: ID PONTO | B5: ESTABELECIMENTO | C5: CIDADE | D5: SEGMENTO | E5: FLUXO DIÁRIO | F5: NOTA FLUXO | G5: TEMPO MÉDIO DE ESPERA | H5: NOTA TEMPO | I5: PERFIL DO PÚBLICO | J5: NOTA PERFIL | K5: EXCLUSIVIDADE / RUÍDO | L5: NOTA EXCLUSIVIDADE | M5: SCORE PONDERADO | N5: TIER | O5: COTA MENSAL | P5: REPASSE AO PONTO (50%) | Q5: MÍDIA MAIS (50%) | R5: STATUS
A6: P-001 | B6: Clínica OdontoCenter | C6: Tubarão | D6: Clínica odontológica | E6: 51 a 100 pessoas / dia | F6: =IFERROR(VLOOKUP(E6,Parâmetros!$A$15:$B$18,2,FALSE),"") -> 4.5 | G6: Mais de 30 minutos | H6: =IFERROR(VLOOKUP(G6,Parâmetros!$D$15:$E$18,2,FALSE),"") -> 5 | I6: Classes B e C+ (consumo ativo) | J6: =IFERROR(VLOOKUP(I6,Parâmetros!$G$15:$H$18,2,FALSE),"") -> 4.5 | K6: Ambiente silencioso / visão frontal total | L6: =IFERROR(VLOOKUP(K6,Parâmetros!$J$15:$K$18,2,FALSE),"") -> 5 | M6: =IF(COUNTA(E6,G6,I6,K6)<4,"",F6*Parâmetros!$B$7+H6*Parâmetros!$B$8+J6*Parâmetros!$B$9+L6*Parâmetros!$B$10) -> 4.75 | N6: =IF(M6="","",IFERROR(VLOOKUP(M6,Parâmetros!$M$15:$O$17,2,TRUE),"")) -> Tier Ouro | O6: =IF(N6="","",VLOOKUP(N6,Parâmetros!$N$15:$O$17,2,FALSE)) -> 249 | P6: =IF(O6="","",O6*VLOOKUP(N6,Parâmetros!$N$15:$P$17,3,FALSE)) -> 124.5 | Q6: =IF(O6="","",O6*VLOOKUP(N6,Parâmetros!$N$15:$Q$17,4,FALSE)) -> 124.5 | R6: Ativo
F7: =IFERROR(VLOOKUP(E7,Parâmetros!$A$15:$B$18,2,FALSE),"") | H7: =IFERROR(VLOOKUP(G7,Parâmetros!$D$15:$E$18,2,FALSE),"") | J7: =IFERROR(VLOOKUP(I7,Parâmetros!$G$15:$H$18,2,FALSE),"") | L7: =IFERROR(VLOOKUP(K7,Parâmetros!$J$15:$K$18,2,FALSE),"") | M7: =IF(COUNTA(E7,G7,I7,K7)<4,"",F7*Parâmetros!$B$7+H7*Parâmetros!$B$8+J7*Parâmetros!$B$9+L7*Parâmetros!$B$10) | N7: =IF(M7="","",IFERROR(VLOOKUP(M7,Parâmetros!$M$15:$O$17,2,TRUE),"")) | O7: =IF(N7="","",VLOOKUP(N7,Parâmetros!$N$15:$O$17,2,FALSE)) | P7: =IF(O7="","",O7*VLOOKUP(N7,Parâmetros!$N$15:$P$17,3,FALSE)) | Q7: =IF(O7="","",O7*VLOOKUP(N7,Parâmetros!$N$15:$Q$17,4,FALSE))
F8: =IFERROR(VLOOKUP(E8,Parâmetros!$A$15:$B$18,2,FALSE),"") | H8: =IFERROR(VLOOKUP(G8,Parâmetros!$D$15:$E$18,2,FALSE),"") | J8: =IFERROR(VLOOKUP(I8,Parâmetros!$G$15:$H$18,2,FALSE),"") | L8: =IFERROR(VLOOKUP(K8,Parâmetros!$J$15:$K$18,2,FALSE),"") | M8: =IF(COUNTA(E8,G8,I8,K8)<4,"",F8*Parâmetros!$B$7+H8*Parâmetros!$B$8+J8*Parâmetros!$B$9+L8*Parâmetros!$B$10) | N8: =IF(M8="","",IFERROR(VLOOKUP(M8,Parâmetros!$M$15:$O$17,2,TRUE),"")) | O8: =IF(N8="","",VLOOKUP(N8,Parâmetros!$N$15:$O$17,2,FALSE)) | P8: =IF(O8="","",O8*VLOOKUP(N8,Parâmetros!$N$15:$P$17,3,FALSE)) | Q8: =IF(O8="","",O8*VLOOKUP(N8,Parâmetros!$N$15:$Q$17,4,FALSE))
F9: =IFERROR(VLOOKUP(E9,Parâmetros!$A$15:$B$18,2,FALSE),"") | H9: =IFERROR(VLOOKUP(G9,Parâmetros!$D$15:$E$18,2,FALSE),"") | J9: =IFERROR(VLOOKUP(I9,Parâmetros!$G$15:$H$18,2,FALSE),"") | L9: =IFERROR(VLOOKUP(K9,Parâmetros!$J$15:$K$18,2,FALSE),"") | M9: =IF(COUNTA(E9,G9,I9,K9)<4,"",F9*Parâmetros!$B$7+H9*Parâmetros!$B$8+J9*Parâmetros!$B$9+L9*Parâmetros!$B$10) | N9: =IF(M9="","",IFERROR(VLOOKUP(M9,Parâmetros!$M$15:$O$17,2,TRUE),"")) | O9: =IF(N9="","",VLOOKUP(N9,Parâmetros!$N$15:$O$17,2,FALSE)) | P9: =IF(O9="","",O9*VLOOKUP(N9,Parâmetros!$N$15:$P$17,3,FALSE)) | Q9: =IF(O9="","",O9*VLOOKUP(N9,Parâmetros!$N$15:$Q$17,4,FALSE))
F10: =IFERROR(VLOOKUP(E10,Parâmetros!$A$15:$B$18,2,FALSE),"") | H10: =IFERROR(VLOOKUP(G10,Parâmetros!$D$15:$E$18,2,FALSE),"") | J10: =IFERROR(VLOOKUP(I10,Parâmetros!$G$15:$H$18,2,FALSE),"") | L10: =IFERROR(VLOOKUP(K10,Parâmetros!$J$15:$K$18,2,FALSE),"") | M10: =IF(COUNTA(E10,G10,I10,K10)<4,"",F10*Parâmetros!$B$7+H10*Parâmetros!$B$8+J10*Parâmetros!$B$9+L10*Parâmetros!$B$10) | N10: =IF(M10="","",IFERROR(VLOOKUP(M10,Parâmetros!$M$15:$O$17,2,TRUE),"")) | O10: =IF(N10="","",VLOOKUP(N10,Parâmetros!$N$15:$O$17,2,FALSE)) | P10: =IF(O10="","",O10*VLOOKUP(N10,Parâmetros!$N$15:$P$17,3,FALSE)) | Q10: =IF(O10="","",O10*VLOOKUP(N10,Parâmetros!$N$15:$Q$17,4,FALSE))
F11: =IFERROR(VLOOKUP(E11,Parâmetros!$A$15:$B$18,2,FALSE),"") | H11: =IFERROR(VLOOKUP(G11,Parâmetros!$D$15:$E$18,2,FALSE),"") | J11: =IFERROR(VLOOKUP(I11,Parâmetros!$G$15:$H$18,2,FALSE),"") | L11: =IFERROR(VLOOKUP(K11,Parâmetros!$J$15:$K$18,2,FALSE),"") | M11: =IF(COUNTA(E11,G11,I11,K11)<4,"",F11*Parâmetros!$B$7+H11*Parâmetros!$B$8+J11*Parâmetros!$B$9+L11*Parâmetros!$B$10) | N11: =IF(M11="","",IFERROR(VLOOKUP(M11,Parâmetros!$M$15:$O$17,2,TRUE),"")) | O11: =IF(N11="","",VLOOKUP(N11,Parâmetros!$N$15:$O$17,2,FALSE)) | P11: =IF(O11="","",O11*VLOOKUP(N11,Parâmetros!$N$15:$P$17,3,FALSE)) | Q11: =IF(O11="","",O11*VLOOKUP(N11,Parâmetros!$N$15:$Q$17,4,FALSE))
F12: =IFERROR(VLOOKUP(E12,Parâmetros!$A$15:$B$18,2,FALSE),"") | H12: =IFERROR(VLOOKUP(G12,Parâmetros!$D$15:$E$18,2,FALSE),"") | J12: =IFERROR(VLOOKUP(I12,Parâmetros!$G$15:$H$18,2,FALSE),"") | L12: =IFERROR(VLOOKUP(K12,Parâmetros!$J$15:$K$18,2,FALSE),"") | M12: =IF(COUNTA(E12,G12,I12,K12)<4,"",F12*Parâmetros!$B$7+H12*Parâmetros!$B$8+J12*Parâmetros!$B$9+L12*Parâmetros!$B$10) | N12: =IF(M12="","",IFERROR(VLOOKUP(M12,Parâmetros!$M$15:$O$17,2,TRUE),"")) | O12: =IF(N12="","",VLOOKUP(N12,Parâmetros!$N$15:$O$17,2,FALSE)) | P12: =IF(O12="","",O12*VLOOKUP(N12,Parâmetros!$N$15:$P$17,3,FALSE)) | Q12: =IF(O12="","",O12*VLOOKUP(N12,Parâmetros!$N$15:$Q$17,4,FALSE))
F13: =IFERROR(VLOOKUP(E13,Parâmetros!$A$15:$B$18,2,FALSE),"") | H13: =IFERROR(VLOOKUP(G13,Parâmetros!$D$15:$E$18,2,FALSE),"") | J13: =IFERROR(VLOOKUP(I13,Parâmetros!$G$15:$H$18,2,FALSE),"") | L13: =IFERROR(VLOOKUP(K13,Parâmetros!$J$15:$K$18,2,FALSE),"") | M13: =IF(COUNTA(E13,G13,I13,K13)<4,"",F13*Parâmetros!$B$7+H13*Parâmetros!$B$8+J13*Parâmetros!$B$9+L13*Parâmetros!$B$10) | N13: =IF(M13="","",IFERROR(VLOOKUP(M13,Parâmetros!$M$15:$O$17,2,TRUE),"")) | O13: =IF(N13="","",VLOOKUP(N13,Parâmetros!$N$15:$O$17,2,FALSE)) | P13: =IF(O13="","",O13*VLOOKUP(N13,Parâmetros!$N$15:$P$17,3,FALSE)) | Q13: =IF(O13="","",O13*VLOOKUP(N13,Parâmetros!$N$15:$Q$17,4,FALSE))
F14: =IFERROR(VLOOKUP(E14,Parâmetros!$A$15:$B$18,2,FALSE),"") | H14: =IFERROR(VLOOKUP(G14,Parâmetros!$D$15:$E$18,2,FALSE),"") | J14: =IFERROR(VLOOKUP(I14,Parâmetros!$G$15:$H$18,2,FALSE),"") | L14: =IFERROR(VLOOKUP(K14,Parâmetros!$J$15:$K$18,2,FALSE),"") | M14: =IF(COUNTA(E14,G14,I14,K14)<4,"",F14*Parâmetros!$B$7+H14*Parâmetros!$B$8+J14*Parâmetros!$B$9+L14*Parâmetros!$B$10) | N14: =IF(M14="","",IFERROR(VLOOKUP(M14,Parâmetros!$M$15:$O$17,2,TRUE),"")) | O14: =IF(N14="","",VLOOKUP(N14,Parâmetros!$N$15:$O$17,2,FALSE)) | P14: =IF(O14="","",O14*VLOOKUP(N14,Parâmetros!$N$15:$P$17,3,FALSE)) | Q14: =IF(O14="","",O14*VLOOKUP(N14,Parâmetros!$N$15:$Q$17,4,FALSE))
F15: =IFERROR(VLOOKUP(E15,Parâmetros!$A$15:$B$18,2,FALSE),"") | H15: =IFERROR(VLOOKUP(G15,Parâmetros!$D$15:$E$18,2,FALSE),"") | J15: =IFERROR(VLOOKUP(I15,Parâmetros!$G$15:$H$18,2,FALSE),"") | L15: =IFERROR(VLOOKUP(K15,Parâmetros!$J$15:$K$18,2,FALSE),"") | M15: =IF(COUNTA(E15,G15,I15,K15)<4,"",F15*Parâmetros!$B$7+H15*Parâmetros!$B$8+J15*Parâmetros!$B$9+L15*Parâmetros!$B$10) | N15: =IF(M15="","",IFERROR(VLOOKUP(M15,Parâmetros!$M$15:$O$17,2,TRUE),"")) | O15: =IF(N15="","",VLOOKUP(N15,Parâmetros!$N$15:$O$17,2,FALSE)) | P15: =IF(O15="","",O15*VLOOKUP(N15,Parâmetros!$N$15:$P$17,3,FALSE)) | Q15: =IF(O15="","",O15*VLOOKUP(N15,Parâmetros!$N$15:$Q$17,4,FALSE))
F16: =IFERROR(VLOOKUP(E16,Parâmetros!$A$15:$B$18,2,FALSE),"") | H16: =IFERROR(VLOOKUP(G16,Parâmetros!$D$15:$E$18,2,FALSE),"") | J16: =IFERROR(VLOOKUP(I16,Parâmetros!$G$15:$H$18,2,FALSE),"") | L16: =IFERROR(VLOOKUP(K16,Parâmetros!$J$15:$K$18,2,FALSE),"") | M16: =IF(COUNTA(E16,G16,I16,K16)<4,"",F16*Parâmetros!$B$7+H16*Parâmetros!$B$8+J16*Parâmetros!$B$9+L16*Parâmetros!$B$10) | N16: =IF(M16="","",IFERROR(VLOOKUP(M16,Parâmetros!$M$15:$O$17,2,TRUE),"")) | O16: =IF(N16="","",VLOOKUP(N16,Parâmetros!$N$15:$O$17,2,FALSE)) | P16: =IF(O16="","",O16*VLOOKUP(N16,Parâmetros!$N$15:$P$17,3,FALSE)) | Q16: =IF(O16="","",O16*VLOOKUP(N16,Parâmetros!$N$15:$Q$17,4,FALSE))
F17: =IFERROR(VLOOKUP(E17,Parâmetros!$A$15:$B$18,2,FALSE),"") | H17: =IFERROR(VLOOKUP(G17,Parâmetros!$D$15:$E$18,2,FALSE),"") | J17: =IFERROR(VLOOKUP(I17,Parâmetros!$G$15:$H$18,2,FALSE),"") | L17: =IFERROR(VLOOKUP(K17,Parâmetros!$J$15:$K$18,2,FALSE),"") | M17: =IF(COUNTA(E17,G17,I17,K17)<4,"",F17*Parâmetros!$B$7+H17*Parâmetros!$B$8+J17*Parâmetros!$B$9+L17*Parâmetros!$B$10) | N17: =IF(M17="","",IFERROR(VLOOKUP(M17,Parâmetros!$M$15:$O$17,2,TRUE),"")) | O17: =IF(N17="","",VLOOKUP(N17,Parâmetros!$N$15:$O$17,2,FALSE)) | P17: =IF(O17="","",O17*VLOOKUP(N17,Parâmetros!$N$15:$P$17,3,FALSE)) | Q17: =IF(O17="","",O17*VLOOKUP(N17,Parâmetros!$N$15:$Q$17,4,FALSE))
F18: =IFERROR(VLOOKUP(E18,Parâmetros!$A$15:$B$18,2,FALSE),"") | H18: =IFERROR(VLOOKUP(G18,Parâmetros!$D$15:$E$18,2,FALSE),"") | J18: =IFERROR(VLOOKUP(I18,Parâmetros!$G$15:$H$18,2,FALSE),"") | L18: =IFERROR(VLOOKUP(K18,Parâmetros!$J$15:$K$18,2,FALSE),"") | M18: =IF(COUNTA(E18,G18,I18,K18)<4,"",F18*Parâmetros!$B$7+H18*Parâmetros!$B$8+J18*Parâmetros!$B$9+L18*Parâmetros!$B$10) | N18: =IF(M18="","",IFERROR(VLOOKUP(M18,Parâmetros!$M$15:$O$17,2,TRUE),"")) | O18: =IF(N18="","",VLOOKUP(N18,Parâmetros!$N$15:$O$17,2,FALSE)) | P18: =IF(O18="","",O18*VLOOKUP(N18,Parâmetros!$N$15:$P$17,3,FALSE)) | Q18: =IF(O18="","",O18*VLOOKUP(N18,Parâmetros!$N$15:$Q$17,4,FALSE))
... F305: =IFERROR(VLOOKUP(E305,Parâmetros!$A$15:$B$18,2,FALSE),"") | H305: =IFERROR(VLOOKUP(G305,Parâmetros!$D$15:$E$18,2,FALSE),"") | J305: =IFERROR(VLOOKUP(I305,Parâmetros!$G$15:$H$18,2,FALSE),"") | L305: =IFERROR(VLOOKUP(K305,Parâmetros!$J$15:$K$18,2,FALSE),"") | M305: =IF(COUNTA(E305,G305,I305,K305)<4,"",F305*Parâmetros!$B$7+H305*Parâmetros!$B$8+J305*Parâmetros!$B$9+L305*Parâmetros!$B$10) | N305: =IF(M305="","",IFERROR(VLOOKUP(M305,Parâmetros!$M$15:$O$17,2,TRUE),"")) | O305: =IF(N305="","",VLOOKUP(N305,Parâmetros!$N$15:$O$17,2,FALSE)) | P305: =IF(O305="","",O305*VLOOKUP(N305,Parâmetros!$N$15:$P$17,3,FALSE)) | Q305: =IF(O305="","",O305*VLOOKUP(N305,Parâmetros!$N$15:$Q$17,4,FALSE))

Sheet Parâmetros
A2: Parâmetros de Precificação
A3: Altere somente as células em amarelo. As fórmulas da calculadora e do cadastro usam estes parâmetros automaticamente.
A5: Pesos dos critérios
A6: CRITÉRIO | B6: PESO
A7: Volume de fluxo diário | B7: 0.3
A8: Tempo médio de espera | B8: 0.35
A9: Poder aquisitivo / perfil | B9: 0.2
A10: Exclusividade / ruído visual | B10: 0.15
A11: Total dos pesos | B11: =SUM(B7:B10) -> 1
A13: Fluxo diário | D13: Tempo médio de espera | G13: Poder aquisitivo / perfil | J13: Exclusividade e ruído visual | M13: Categorias e preços
A14: FAIXA | B14: NOTA | D14: FAIXA | E14: NOTA | G14: FAIXA | H14: NOTA | J14: FAIXA | K14: NOTA | M14: PONTUAÇÃO MÍNIMA | N14: TIER | O14: COTA MENSAL | P14: REPASSE AO PONTO | Q14: MÍDIA MAIS
A15: 10 a 30 pessoas / dia | B15: 2.5 | D15: Até 5 minutos | E15: 2.5 | G15: Predominância Classes D / E | H15: 2.5 | J15: Ambiente ruidoso / TV mal posicionada | K15: 2.5 | M15: 2.5 | N15: Tier Bronze | O15: 149 | P15: 0.5 | Q15: 0.5
A16: 31 a 50 pessoas / dia | B16: 3.5 | D16: 6 a 15 minutos | E16: 3.5 | G16: Predominância Classe C | H16: 3.5 | J16: Ruído moderado / TV visível de alguns ângulos | K16: 3.5 | M16: 3.31 | N16: Tier Prata | O16: 199 | P16: 0.5 | Q16: 0.5
A17: 51 a 100 pessoas / dia | B17: 4.5 | D17: 16 a 30 minutos | E17: 4.5 | G17: Classes B e C+ (consumo ativo) | H17: 4.5 | J17: Ambiente agradável / TV centralizada e visível | K17: 4.5 | M17: 4.21 | N17: Tier Ouro | O17: 249 | P17: 0.5 | Q17: 0.5
A18: Mais de 100 pessoas / dia | B18: 5 | D18: Mais de 30 minutos | E18: 5 | G18: Público Premium / Classes A e B | H18: 5 | J18: Ambiente silencioso / visão frontal total | K18: 5
M19: Faixas aplicadas: Bronze de 2,50 a 3,30; Prata de 3,31 a 4,20; Ouro de 4,21 a 5,00.
M20: O repasse considera divisão de 50% da receita de cada cota.

Sheet Instruções
A2: Como usar a planilha
A4: ETAPA | B4: ORIENTAÇÃO
A5: 1. Ajuste os parâmetros | B5: Na aba Parâmetros, revise pesos, notas e preços. As células amarelas podem ser alteradas.
A6: 2. Simule um ponto | B6: Use a aba Calculadora para avaliar um estabelecimento antes de cadastrá-lo. Preencha apenas os campos azuis.
A7: 3. Cadastre os pontos | B7: Na aba Cadastro de Pontos, inclua um estabelecimento por linha. As colunas verdes calculam notas, score, tier, preço e split.
A8: 4. Consulte o resumo | B8: A aba Resumo mostra os pontos ativos e o potencial mensal de receita considerando uma cota por ponto.
A9: Regra de classificação | B9: Bronze: 2,50 a 3,30. Prata: 3,31 a 4,20. Ouro: 4,21 a 5,00.
A11: Critérios usados no cálculo
A12: Volume de fluxo diário | B12: Peso de 30%
A13: Tempo médio de espera | B13: Peso de 35%
A14: Poder aquisitivo / perfil | B14: Peso de 20%
A15: Exclusividade / ruído visual | B15: Peso de 15%
